Scenario,ScenarioName,Method,StateRepresentation,TerminalReason,Success,Return,LandingTime_s,Duration_s,TrackingRMSE_m,RelativeSpeedRMSE_mps,PitchRMS_deg,MeasuredFOVLoss_pct,GeometricFOVLoss_pct,SupervisorIntervention_pct,LandingInhibit_pct,UnsafeDescentExposure_s,ControlJerkRMS_mps3,RecoveryLatency_s,StabilityIndex,DominantInhibitCause,InhibitDropout_s,InhibitTrajectoryFOV_s,InhibitRelativeSpeed_s,InhibitUncertainty_s,PhysicalFeasible,Interpretation,FOVViolationIntegral_s,MeanDescentEligibility,VerticalGate_pct,MeanAbsRelationResidualX,MeanAbsRelationResidualZ,RelationResidualActive
S1,S1 Nominal alignment,Low-level MLP PPO,baseline,SUCCESS,1,31.0461448194356,10.0068255000358,10.0068255000359,0.124455811080795,0.122149404020372,1.44971275652791,0,0,0,0,0,23.1683179942688,NaN,88.7463462786735,none,0,0,0,0,1,physically feasible; no landing inhibit,0,1,0,0,0,0
S1,S1 Nominal alignment,Semantic-flat MLP PPO,context_flat,UNAUTHORIZED_CONTACT,0,-34.28769345389,NaN,15.1790996989216,0.456367837876218,0.140439993333383,1.47770463484293,0,0,0.521109291661032,0,0,3.35789597374164,NaN,85.0369148425289,none,0,0,0,0,1,physically feasible; no landing inhibit,0,1,0,0,0,0
S1,S1 Nominal alignment,Ontology R-GAT PPO,context_rgat,SUCCESS,1,31.921028136082,12.052548367829,12.0525483678292,0.183086776439724,0.113565631560285,1.22637292929503,0,0,0,0,0,3.80794756095482,NaN,93.4984039868435,none,0,0,0,0,1,physically feasible; no landing inhibit,0,0.797865418644268,100,1.26344892207533e-05,4.89257457358587e-05,1
S2,S2 Rapid acceleration,Low-level MLP PPO,baseline,SAFE_ABORT,0,-14.6293409449157,NaN,15.24,3.97464291140048,0.954375108010276,3.26676120318583,51.4435695538058,51.4435695538058,65.2230971128609,75.7217847769029,0,8.54447442213024,NaN,37.93016988881,trajectory/FOV,0,7.84,3.7,0,1,physically feasible; temporary inhibit: trajectory/FOV,6.60377928255847,1,0,0,0,0
S2,S2 Rapid acceleration,Semantic-flat MLP PPO,context_flat,SUCCESS,1,30.4410213455917,16.4182804157276,16.4182804157279,0.384167063619311,0.325436488220636,3.11427037803821,0,0,0,0,0,3.46052717588446,NaN,75.9379851578264,none,0,0,0,0,1,physically feasible; no landing inhibit,0,1,0,0,0,0
S2,S2 Rapid acceleration,Ontology R-GAT PPO,context_rgat,SUCCESS,1,31.3783938791561,13.1102085304645,13.1102085304648,0.421312685824684,0.289148068210904,3.49829632590347,0,0,0,0,0,5.63634805516776,NaN,74.336813574379,none,0,0,0,0,1,physically feasible; no landing inhibit,0,0.676543426270607,100,1.28551995428024e-05,4.21535594589867e-05,1
S3,S3 Visibility recovery,Low-level MLP PPO,baseline,SAFE_ABORT,0,-14.6321269767269,NaN,15.22,1.51671220281522,0.352202877362924,2.5847970105774,37.4507227332457,34.1655716162943,71.0906701708278,73.0617608409987,0,7.38932129905944,4.99999999999983,47.5985241966034,trajectory/FOV,0.8,4.9,0.6,4.82,1,physically feasible; temporary inhibit: trajectory/FOV,1.28879318662761,1,0,0,0,0
S3,S3 Visibility recovery,Semantic-flat MLP PPO,context_flat,SUCCESS,1,30.3144625912865,17.9026855900658,17.9026855900658,0.391018367334807,0.275192585778614,2.65495605689607,4.46860330521539,0,1.67572623945577,1.67572623945577,0,35.5940656433706,0.0999999999999357,70.7967051299153,sensor dropout,0.3,0,0,0,1,physically feasible; temporary inhibit: sensor dropout,0,1,0,0,0,0
S3,S3 Visibility recovery,Ontology R-GAT PPO,context_rgat,SUCCESS,1,32.7469241653977,16.4402470379048,16.440247037905,0.363976513270589,0.203120899047377,2.71197936377744,4.86610692744154,0,1.82479009779058,1.82479009779058,0,5.30844971727633,0.0999999999999357,80.6450547041093,sensor dropout,0.3,0,0,0,1,physically feasible; temporary inhibit: sensor dropout,0,0.670729113950247,100,1.27721994830159e-05,4.17139948923145e-05,1
