MethodId,Iteration,ValidationLandingPct
ppo,0,0
ppo,25,0
ppo,50,0
ppo,75,0
ppo,100,0
ppo,125,0
ppo,150,0
ppo,175,0
ppo,200,0
ppo,225,83
ppo,250,84
ppo,275,89
ppo,300,89
ppo,325,84
ppo,350,89
ppo,375,92
ppo,400,89
ppo,425,94
ppo,450,92
ppo,475,96
ppo,500,84
ppo,525,91
ppo,550,91
ppo,575,95
ppo,600,95
ppo,625,91
ppo,650,91
ppo,675,93
ppo,700,97
ppo,725,96
ppo,750,98
onto_rgat_ppo,0,0
onto_rgat_ppo,25,0
onto_rgat_ppo,50,0
onto_rgat_ppo,75,2
onto_rgat_ppo,100,0
onto_rgat_ppo,125,0
onto_rgat_ppo,150,0
onto_rgat_ppo,175,1
onto_rgat_ppo,200,1
onto_rgat_ppo,225,34
onto_rgat_ppo,250,32
onto_rgat_ppo,275,76
onto_rgat_ppo,300,84
onto_rgat_ppo,325,83
onto_rgat_ppo,350,96
onto_rgat_ppo,375,74
onto_rgat_ppo,400,86
onto_rgat_ppo,425,29
onto_rgat_ppo,450,75
onto_rgat_ppo,475,51
onto_rgat_ppo,500,95
onto_rgat_ppo,525,98
onto_rgat_ppo,550,92
onto_rgat_ppo,575,97
onto_rgat_ppo,600,98
onto_rgat_ppo,625,95
onto_rgat_ppo,650,95
onto_rgat_ppo,675,95
onto_rgat_ppo,700,64
onto_rgat_ppo,725,95
onto_rgat_ppo,750,94
